Asset,Model,Sharpe,Ann_Return,Ann_Vol,MaxDD,Calmar,HitRate,Turnover,N
BTC,HAR,-18.8801,-1.34,0.07,-1.01,-1.3273,0.0,0.0737,275.0
BTC,HAR-S,-24.3487,-1.05,0.04,-0.79,-1.3273,0.0,0.0575,275.0
BTC,Neural-HAR,-23.9024,-0.78,0.03,-0.59,-1.3273,0.0,0.0427,275.0
SPX,HAR,1.4462,83.37,57.64,-42.26,1.9727,0.5645,0.0935,287.0
SPX,HAR-S,1.1615,64.71,55.72,-50.5,1.2815,0.5505,0.5796,287.0
SPX,Neural-HAR,1.4019,75.85,54.11,-44.68,1.6978,0.5575,0.4212,287.0
NIFTY,HAR,-0.3107,-16.48,53.05,-67.28,-0.245,0.5109,0.0507,276.0
NIFTY,HAR-S,-0.3831,-22.57,58.91,-77.11,-0.2927,0.5109,0.1652,276.0
NIFTY,Neural-HAR,-0.2308,-11.39,49.36,-61.24,-0.186,0.5109,0.238,276.0
